<?xml version="1.0" encoding="utf-8" ?>
<rss version="2.0">
<channel>
<title>经济型企业网站</title>
<link>/demo/dedecms/a/jingjixingqiyewangzhan/</link>
<description>经典案例 / 经济型企业网站</description>
<language>zh-cn</language>
<generator><![CDATA[Copyright &amp;copy; 2002-2011 DEDECMS. 织梦科技 版权所有 &lt;a href=http://www.dedecms.com target='_blank'&gt;Power by DedeCms&lt;/a&gt;]]></generator>
<webmaster>desdev@vip.qq.com</webmaster>
<item>
    <title><![CDATA[Brother外贸网站建设]]></title>
    <link>/demo/dedecms/a/jingjixingqiyewangzhan/20140708_26.html</link>
    <description><![CDATA[网站名称:Brother外贸网站建设 所属分类:经济型企业网站 链接地址: http://www.brother-mold.com 完成时间:2012-4-6 18:08:01 更多描述:Brother Precision Mold Co., Ltd. is a professional manufacturer specialized in d]]></description>
    <pubDate>2014-07-08</pubDate>
    <category>经济型企业网站</category>
    <author>admin</author>
    <comments>未知</comments>
</item>
<item>
    <title><![CDATA[嘉里华电子]]></title>
    <link>/demo/dedecms/a/jingjixingqiyewangzhan/20140708_15.html</link>
    <description><![CDATA[网站名称:嘉里华电子 所属分类:经济型企业网站 链接地址: http://www.microfirst.com.cn/ 完成时间:2011-1-15 14:06:25 更多描述: 嘉里华电子网站用的是自助程序系统,功能比较全,很实用.]]></description>
    <pubDate>2014-07-08</pubDate>
    <category>经济型企业网站</category>
    <author>admin</author>
    <comments>未知</comments>
</item>
<item>
    <title><![CDATA[艺泰工业]]></title>
    <link>/demo/dedecms/a/jingjixingqiyewangzhan/20140708_14.html</link>
    <description><![CDATA[网站名称:艺泰工业 所属分类:经典型企业网站 链接地址: http://www.itek-design.com 完成时间:2011-5-26 21:09:52 更多描述: 艺泰工业设计，由数位资深设计师在深圳联合成立，我们优秀的设计团队]]></description>
    <pubDate>2014-07-08</pubDate>
    <category>经济型企业网站</category>
    <author>admin</author>
    <comments>未知</comments>
</item>
<item>
    <title><![CDATA[广州市白云区珠江中学]]></title>
    <link>/demo/dedecms/a/jingjixingqiyewangzhan/20140708_13.html</link>
    <description><![CDATA[网站名称:广州市白云区珠江中学 所属分类:经典型企业网站 链接地址: http://www.byqzjzx.com 完成时间:2010-9-21 8:04:04 更多描述: 广东卓博教育集团 是 专门从事教育、教学研究，以学历教育、]]></description>
    <pubDate>2014-07-08</pubDate>
    <category>经济型企业网站</category>
    <author>admin</author>
    <comments>未知</comments>
</item>
<item>
    <title><![CDATA[平乐顺电子]]></title>
    <link>/demo/dedecms/a/jingjixingqiyewangzhan/20140708_11.html</link>
    <description><![CDATA[网站名称:平乐顺电子 所属分类:经济型企业网站 链接地址: http://www.pleson.com.cn/ 完成时间:2013-11-9 10:00:02 更多描述:平乐顺是一家集移动电源产品研发，销售服务为一体 的高新技术企业。]]></description>
    <pubDate>2014-07-08</pubDate>
    <category>经济型企业网站</category>
    <author>admin</author>
    <comments>未知</comments>
</item>
<item>
    <title><![CDATA[卓宝建筑]]></title>
    <link>/demo/dedecms/a/jingjixingqiyewangzhan/20140708_10.html</link>
    <description><![CDATA[网站名称:卓宝建筑 所属分类:经济型企业网站 链接地址: http://www.zhuobaogc.com/ 完成时间:2013-11-9 10:06:23 更多描述:]]></description>
    <pubDate>2014-07-08</pubDate>
    <category>经济型企业网站</category>
    <author>admin</author>
    <comments>未知</comments>
</item>
<item>
    <title><![CDATA[凝石汇金]]></title>
    <link>/demo/dedecms/a/jingjixingqiyewangzhan/20140708_9.html</link>
    <description><![CDATA[网站名称:凝石汇金 所属分类:经济型企业网站 链接地址: http://www.ningshihuijin.com/ 完成时间:2013-11-9 10:12:41 更多描述:公司是一家长期专注于绿色环保建材研究、开发和生 产的高新技术企业]]></description>
    <pubDate>2014-07-08</pubDate>
    <category>经济型企业网站</category>
    <author>admin</author>
    <comments>未知</comments>
</item>
<item>
    <title><![CDATA[仁友电子]]></title>
    <link>/demo/dedecms/a/jingjixingqiyewangzhan/20140708_8.html</link>
    <description><![CDATA[网站名称:仁友电子 所属分类:经济型企业网站 链接地址: http://www.renyouhk.com 完成时间:2012-6-2 15:46:32 更多描述:仁友电子香港有限公司 是一家专业代理销售世界知名品牌连接器的公司，主]]></description>
    <pubDate>2014-07-08</pubDate>
    <category>经济型企业网站</category>
    <author>admin</author>
    <comments>未知</comments>
</item>

</channel>
</rss>
