<?xml version="1.0" encoding="utf-8" ?>
<rss version="2.0">
<channel>
<title>经典型企业网站</title>
<link>/demo/dedecms/a/jingdianxingqiyewangzhan/</link>
<description>经典案例 / 经典型企业网站</description>
<language>zh-cn</language>
<generator><![CDATA[Copyright &amp;copy; 2002-2011 DEDECMS. 织梦科技 版权所有 &lt;a href=http://www.dedecms.com target='_blank'&gt;Power by DedeCms&lt;/a&gt;]]></generator>
<webmaster>desdev@vip.qq.com</webmaster>
<item>
    <title><![CDATA[受莱特光电网站建设]]></title>
    <link>/demo/dedecms/a/jingdianxingqiyewangzhan/20140708_28.html</link>
    <description><![CDATA[网站名称:受莱特光电网站建设 所属分类:经典型企业网站 链接地址: http://www.lovelight-led.com/ 完成时间:2012-3-26 17:50:38 更多描述:深圳市莱特光电科技有限公司是一家专业从事LED 电子产品的]]></description>
    <pubDate>2014-07-08</pubDate>
    <category>经典型企业网站</category>
    <author>admin</author>
    <comments>未知</comments>
</item>
<item>
    <title><![CDATA[灵思达企业管理]]></title>
    <link>/demo/dedecms/a/jingdianxingqiyewangzhan/20140708_27.html</link>
    <description><![CDATA[网站名称:灵思达企业管理 所属分类:经典型企业网站 链接地址: http://www.linkstar.hk 完成时间:2011-3-22 16:49:02 更多描述:灵思达公司提供的商战模拟系列练项目将为参与者提供一个 实战演练]]></description>
    <pubDate>2014-07-08</pubDate>
    <category>经典型企业网站</category>
    <author>admin</author>
    <comments>未知</comments>
</item>
<item>
    <title><![CDATA[深圳深创新科技]]></title>
    <link>/demo/dedecms/a/jingdianxingqiyewangzhan/20140708_25.html</link>
    <description><![CDATA[网站名称:深圳深创新科技 所属分类:经典型企业网站 链接地址: http://www.scx-kj.com 完成时间:2012-5-5 13:58:52 更多描述:专业的品牌IC代理商，总部设在深圳，并在香港. 台湾等地设有分支机构]]></description>
    <pubDate>2014-07-08</pubDate>
    <category>经典型企业网站</category>
    <author>admin</author>
    <comments>未知</comments>
</item>
<item>
    <title><![CDATA[深圳知识产权网站建设]]></title>
    <link>/demo/dedecms/a/jingdianxingqiyewangzhan/20140708_24.html</link>
    <description><![CDATA[网站名称:深圳知识产权网站建设 所属分类:经典型企业网站 链接地址: http://www.szhuaxun.com 完成时间:2012-10-23 15:33:31 更多描述: 知识产权网站建设找迅美科技]]></description>
    <pubDate>2014-07-08</pubDate>
    <category>经典型企业网站</category>
    <author>admin</author>
    <comments>未知</comments>
</item>
<item>
    <title><![CDATA[深圳天雨消防]]></title>
    <link>/demo/dedecms/a/jingdianxingqiyewangzhan/20140708_23.html</link>
    <description><![CDATA[网站名称:深圳天雨消防 所属分类:经典型企业网站 链接地址: http://www.tyxf.net 完成时间:2010-9-16 9:16:03 更多描述: 深圳蓝雨消防 是一家生产销售： 泡沫罐 、泡沫发生器、泡沫枪、泡沫炮]]></description>
    <pubDate>2014-07-08</pubDate>
    <category>经典型企业网站</category>
    <author>admin</author>
    <comments>未知</comments>
</item>
<item>
    <title><![CDATA[吉星艺雕]]></title>
    <link>/demo/dedecms/a/jingdianxingqiyewangzhan/20140708_21.html</link>
    <description><![CDATA[网站名称:吉星艺雕 所属分类:经典型企业网站 链接地址: http://www.jxyd.com.cn/ 完成时间:2013-11-9 10:18:34 更多描述:吉星艺雕是一家专营人造玉石装饰材料有限公司，以设计、开发、销售、工]]></description>
    <pubDate>2014-07-08</pubDate>
    <category>经典型企业网站</category>
    <author>admin</author>
    <comments>未知</comments>
</item>
<item>
    <title><![CDATA[文丰装饰]]></title>
    <link>/demo/dedecms/a/jingdianxingqiyewangzhan/20140708_20.html</link>
    <description><![CDATA[网站名称:文丰装饰 所属分类:经典型企业网站 链接地址: http://www.wfzssz.com/ 完成时间:2013-11-9 9:46:05 更多描述:文丰装饰设计工程有限公司是一家集室内外装饰工程 设计和施工于一体的专]]></description>
    <pubDate>2014-07-08</pubDate>
    <category>经典型企业网站</category>
    <author>admin</author>
    <comments>未知</comments>
</item>
<item>
    <title><![CDATA[新锐培训]]></title>
    <link>/demo/dedecms/a/jingdianxingqiyewangzhan/20140708_19.html</link>
    <description><![CDATA[网站名称:新锐培训 所属分类:经典型企业网站 链接地址: http://www.xinruipx.com/ 完成时间:2013-11-9 9:20:20 更多描述: 专 业致力于深圳摄影培训、摄影师培训、摄影师考证、人像摄影培训、商]]></description>
    <pubDate>2014-07-08</pubDate>
    <category>经典型企业网站</category>
    <author>admin</author>
    <comments>未知</comments>
</item>

</channel>
</rss>
