<?xml version="1.0" encoding="utf-8" ?>
<rss version="2.0">
<channel>
<title>行业网站</title>
<link>/demo/dedecms/a/xingyewangzhan/</link>
<description>经典案例 / 行业网站</description>
<language>zh-cn</language>
<generator><![CDATA[Copyright &amp;copy; 2002-2011 DEDECMS. 织梦科技 版权所有 &lt;a href=http://www.dedecms.com target='_blank'&gt;Power by DedeCms&lt;/a&gt;]]></generator>
<webmaster>desdev@vip.qq.com</webmaster>
<item>
    <title><![CDATA[张家界旅游网]]></title>
    <link>/demo/dedecms/a/xingyewangzhan/20140708_17.html</link>
    <description><![CDATA[网站名称:张家界旅游网 所属分类:行业网站 链接地址: http://www.ezjj.net 完成时间:2010-5-7 22:55:22 更多描述: 张家界旅游网属于行业性质网站,本站全部生成静态页面,强大的后台管理系统.S]]></description>
    <pubDate>2014-07-08</pubDate>
    <category>行业网站</category>
    <author>admin</author>
    <comments>未知</comments>
</item>
<item>
    <title><![CDATA[深圳订房网]]></title>
    <link>/demo/dedecms/a/xingyewangzhan/20140708_16.html</link>
    <description><![CDATA[网站名称:深圳订房网 所属分类:行业网站 链接地址: http://www.jiudian-88.com/ 完成时间:2010-5-7 23:01:12 更多描述: 深圳酒店网]]></description>
    <pubDate>2014-07-08</pubDate>
    <category>行业网站</category>
    <author>admin</author>
    <comments>未知</comments>
</item>
<item>
    <title><![CDATA[白酒网商城]]></title>
    <link>/demo/dedecms/a/xingyewangzhan/20140708_7.html</link>
    <description><![CDATA[网站名称:白酒网商城 所属分类:行业网站 链接地址: http://www.zgzhenjiuwang.com 完成时间:2011-1-5 15:01:38 更多描述: 商城网站案例,]]></description>
    <pubDate>2014-07-08</pubDate>
    <category>行业网站</category>
    <author>admin</author>
    <comments>未知</comments>
</item>

</channel>
</rss>
