<?xml version="1.0" encoding="utf-8" ?>
<rss version="2.0">
<channel>
<title>经典案例</title>
<link>/demo/dedecms/a/05/</link>
<description>经典案例</description>
<language>zh-cn</language>
<generator><![CDATA[Copyright &amp;copy; 2002-2011 DEDECMS. 织梦科技 版权所有 &lt;a href=http://www.dedecms.com target='_blank'&gt;Power by DedeCms&lt;/a&gt;]]></generator>
<webmaster>desdev@vip.qq.com</webmaster>
<item>
    <title><![CDATA[受莱特光电网站建设]]></title>
    <link>/demo/dedecms/a/jingdianxingqiyewangzhan/20140708_28.html</link>
    <description><![CDATA[网站名称:受莱特光电网站建设 所属分类:经典型企业网站 链接地址: http://www.lovelight-led.com/ 完成时间:2012-3-26 17:50:38 更多描述:深圳市莱特光电科技有限公司是一家专业从事LED 电子产品的]]></description>
    <pubDate>2014-07-08</pubDate>
    <category>经典型企业网站</category>
    <author>admin</author>
    <comments>未知</comments>
</item>
<item>
    <title><![CDATA[灵思达企业管理]]></title>
    <link>/demo/dedecms/a/jingdianxingqiyewangzhan/20140708_27.html</link>
    <description><![CDATA[网站名称:灵思达企业管理 所属分类:经典型企业网站 链接地址: http://www.linkstar.hk 完成时间:2011-3-22 16:49:02 更多描述:灵思达公司提供的商战模拟系列练项目将为参与者提供一个 实战演练]]></description>
    <pubDate>2014-07-08</pubDate>
    <category>经典型企业网站</category>
    <author>admin</author>
    <comments>未知</comments>
</item>
<item>
    <title><![CDATA[Brother外贸网站建设]]></title>
    <link>/demo/dedecms/a/jingjixingqiyewangzhan/20140708_26.html</link>
    <description><![CDATA[网站名称:Brother外贸网站建设 所属分类:经济型企业网站 链接地址: http://www.brother-mold.com 完成时间:2012-4-6 18:08:01 更多描述:Brother Precision Mold Co., Ltd. is a professional manufacturer specialized in d]]></description>
    <pubDate>2014-07-08</pubDate>
    <category>经济型企业网站</category>
    <author>admin</author>
    <comments>未知</comments>
</item>
<item>
    <title><![CDATA[深圳深创新科技]]></title>
    <link>/demo/dedecms/a/jingdianxingqiyewangzhan/20140708_25.html</link>
    <description><![CDATA[网站名称:深圳深创新科技 所属分类:经典型企业网站 链接地址: http://www.scx-kj.com 完成时间:2012-5-5 13:58:52 更多描述:专业的品牌IC代理商，总部设在深圳，并在香港. 台湾等地设有分支机构]]></description>
    <pubDate>2014-07-08</pubDate>
    <category>经典型企业网站</category>
    <author>admin</author>
    <comments>未知</comments>
</item>
<item>
    <title><![CDATA[深圳知识产权网站建设]]></title>
    <link>/demo/dedecms/a/jingdianxingqiyewangzhan/20140708_24.html</link>
    <description><![CDATA[网站名称:深圳知识产权网站建设 所属分类:经典型企业网站 链接地址: http://www.szhuaxun.com 完成时间:2012-10-23 15:33:31 更多描述: 知识产权网站建设找迅美科技]]></description>
    <pubDate>2014-07-08</pubDate>
    <category>经典型企业网站</category>
    <author>admin</author>
    <comments>未知</comments>
</item>
<item>
    <title><![CDATA[深圳天雨消防]]></title>
    <link>/demo/dedecms/a/jingdianxingqiyewangzhan/20140708_23.html</link>
    <description><![CDATA[网站名称:深圳天雨消防 所属分类:经典型企业网站 链接地址: http://www.tyxf.net 完成时间:2010-9-16 9:16:03 更多描述: 深圳蓝雨消防 是一家生产销售： 泡沫罐 、泡沫发生器、泡沫枪、泡沫炮]]></description>
    <pubDate>2014-07-08</pubDate>
    <category>经典型企业网站</category>
    <author>admin</author>
    <comments>未知</comments>
</item>
<item>
    <title><![CDATA[吉星艺雕]]></title>
    <link>/demo/dedecms/a/jingdianxingqiyewangzhan/20140708_21.html</link>
    <description><![CDATA[网站名称:吉星艺雕 所属分类:经典型企业网站 链接地址: http://www.jxyd.com.cn/ 完成时间:2013-11-9 10:18:34 更多描述:吉星艺雕是一家专营人造玉石装饰材料有限公司，以设计、开发、销售、工]]></description>
    <pubDate>2014-07-08</pubDate>
    <category>经典型企业网站</category>
    <author>admin</author>
    <comments>未知</comments>
</item>
<item>
    <title><![CDATA[文丰装饰]]></title>
    <link>/demo/dedecms/a/jingdianxingqiyewangzhan/20140708_20.html</link>
    <description><![CDATA[网站名称:文丰装饰 所属分类:经典型企业网站 链接地址: http://www.wfzssz.com/ 完成时间:2013-11-9 9:46:05 更多描述:文丰装饰设计工程有限公司是一家集室内外装饰工程 设计和施工于一体的专]]></description>
    <pubDate>2014-07-08</pubDate>
    <category>经典型企业网站</category>
    <author>admin</author>
    <comments>未知</comments>
</item>
<item>
    <title><![CDATA[新锐培训]]></title>
    <link>/demo/dedecms/a/jingdianxingqiyewangzhan/20140708_19.html</link>
    <description><![CDATA[网站名称:新锐培训 所属分类:经典型企业网站 链接地址: http://www.xinruipx.com/ 完成时间:2013-11-9 9:20:20 更多描述: 专 业致力于深圳摄影培训、摄影师培训、摄影师考证、人像摄影培训、商]]></description>
    <pubDate>2014-07-08</pubDate>
    <category>经典型企业网站</category>
    <author>admin</author>
    <comments>未知</comments>
</item>
<item>
    <title><![CDATA[张家界旅游网]]></title>
    <link>/demo/dedecms/a/xingyewangzhan/20140708_17.html</link>
    <description><![CDATA[网站名称:张家界旅游网 所属分类:行业网站 链接地址: http://www.ezjj.net 完成时间:2010-5-7 22:55:22 更多描述: 张家界旅游网属于行业性质网站,本站全部生成静态页面,强大的后台管理系统.S]]></description>
    <pubDate>2014-07-08</pubDate>
    <category>行业网站</category>
    <author>admin</author>
    <comments>未知</comments>
</item>
<item>
    <title><![CDATA[深圳订房网]]></title>
    <link>/demo/dedecms/a/xingyewangzhan/20140708_16.html</link>
    <description><![CDATA[网站名称:深圳订房网 所属分类:行业网站 链接地址: http://www.jiudian-88.com/ 完成时间:2010-5-7 23:01:12 更多描述: 深圳酒店网]]></description>
    <pubDate>2014-07-08</pubDate>
    <category>行业网站</category>
    <author>admin</author>
    <comments>未知</comments>
</item>
<item>
    <title><![CDATA[嘉里华电子]]></title>
    <link>/demo/dedecms/a/jingjixingqiyewangzhan/20140708_15.html</link>
    <description><![CDATA[网站名称:嘉里华电子 所属分类:经济型企业网站 链接地址: http://www.microfirst.com.cn/ 完成时间:2011-1-15 14:06:25 更多描述: 嘉里华电子网站用的是自助程序系统,功能比较全,很实用.]]></description>
    <pubDate>2014-07-08</pubDate>
    <category>经济型企业网站</category>
    <author>admin</author>
    <comments>未知</comments>
</item>
<item>
    <title><![CDATA[艺泰工业]]></title>
    <link>/demo/dedecms/a/jingjixingqiyewangzhan/20140708_14.html</link>
    <description><![CDATA[网站名称:艺泰工业 所属分类:经典型企业网站 链接地址: http://www.itek-design.com 完成时间:2011-5-26 21:09:52 更多描述: 艺泰工业设计，由数位资深设计师在深圳联合成立，我们优秀的设计团队]]></description>
    <pubDate>2014-07-08</pubDate>
    <category>经济型企业网站</category>
    <author>admin</author>
    <comments>未知</comments>
</item>
<item>
    <title><![CDATA[广州市白云区珠江中学]]></title>
    <link>/demo/dedecms/a/jingjixingqiyewangzhan/20140708_13.html</link>
    <description><![CDATA[网站名称:广州市白云区珠江中学 所属分类:经典型企业网站 链接地址: http://www.byqzjzx.com 完成时间:2010-9-21 8:04:04 更多描述: 广东卓博教育集团 是 专门从事教育、教学研究，以学历教育、]]></description>
    <pubDate>2014-07-08</pubDate>
    <category>经济型企业网站</category>
    <author>admin</author>
    <comments>未知</comments>
</item>
<item>
    <title><![CDATA[平乐顺电子]]></title>
    <link>/demo/dedecms/a/jingjixingqiyewangzhan/20140708_11.html</link>
    <description><![CDATA[网站名称:平乐顺电子 所属分类:经济型企业网站 链接地址: http://www.pleson.com.cn/ 完成时间:2013-11-9 10:00:02 更多描述:平乐顺是一家集移动电源产品研发，销售服务为一体 的高新技术企业。]]></description>
    <pubDate>2014-07-08</pubDate>
    <category>经济型企业网站</category>
    <author>admin</author>
    <comments>未知</comments>
</item>
<item>
    <title><![CDATA[卓宝建筑]]></title>
    <link>/demo/dedecms/a/jingjixingqiyewangzhan/20140708_10.html</link>
    <description><![CDATA[网站名称:卓宝建筑 所属分类:经济型企业网站 链接地址: http://www.zhuobaogc.com/ 完成时间:2013-11-9 10:06:23 更多描述:]]></description>
    <pubDate>2014-07-08</pubDate>
    <category>经济型企业网站</category>
    <author>admin</author>
    <comments>未知</comments>
</item>
<item>
    <title><![CDATA[凝石汇金]]></title>
    <link>/demo/dedecms/a/jingjixingqiyewangzhan/20140708_9.html</link>
    <description><![CDATA[网站名称:凝石汇金 所属分类:经济型企业网站 链接地址: http://www.ningshihuijin.com/ 完成时间:2013-11-9 10:12:41 更多描述:公司是一家长期专注于绿色环保建材研究、开发和生 产的高新技术企业]]></description>
    <pubDate>2014-07-08</pubDate>
    <category>经济型企业网站</category>
    <author>admin</author>
    <comments>未知</comments>
</item>
<item>
    <title><![CDATA[仁友电子]]></title>
    <link>/demo/dedecms/a/jingjixingqiyewangzhan/20140708_8.html</link>
    <description><![CDATA[网站名称:仁友电子 所属分类:经济型企业网站 链接地址: http://www.renyouhk.com 完成时间:2012-6-2 15:46:32 更多描述:仁友电子香港有限公司 是一家专业代理销售世界知名品牌连接器的公司，主]]></description>
    <pubDate>2014-07-08</pubDate>
    <category>经济型企业网站</category>
    <author>admin</author>
    <comments>未知</comments>
</item>
<item>
    <title><![CDATA[白酒网商城]]></title>
    <link>/demo/dedecms/a/xingyewangzhan/20140708_7.html</link>
    <description><![CDATA[网站名称:白酒网商城 所属分类:行业网站 链接地址: http://www.zgzhenjiuwang.com 完成时间:2011-1-5 15:01:38 更多描述: 商城网站案例,]]></description>
    <pubDate>2014-07-08</pubDate>
    <category>行业网站</category>
    <author>admin</author>
    <comments>未知</comments>
</item>

</channel>
</rss>
