<?xml version="1.0" encoding="utf-8" ?>
<rss version="2.0">
<channel>
<title>企业新闻</title>
<link>/demo/dedecms/a/qiyexinwen/</link>
<description>新闻中心 / 企业新闻</description>
<language>zh-cn</language>
<generator><![CDATA[Copyright &amp;copy; 2002-2011 DEDECMS. 织梦科技 版权所有 &lt;a href=http://www.dedecms.com target='_blank'&gt;Power by DedeCms&lt;/a&gt;]]></generator>
<webmaster>desdev@vip.qq.com</webmaster>
<item>
    <title><![CDATA[当电源指示灯不亮怎么办]]></title>
    <link>/demo/dedecms/a/qiyexinwen/20140709_54.html</link>
    <description><![CDATA[这种现象属于电源的问题,可通过以下方法找出原因: 1.检查ac线是否连接好; 2.如果服务器的电源系统有主开关,请检查并确保已经打开; 3.检查系统风扇是否转动,如果风扇在转,则可能是主]]></description>
    <pubDate>2014-07-09</pubDate>
    <category>企业新闻</category>
    <author>admin</author>
    <comments>未知</comments>
</item>
<item>
    <title><![CDATA[网站建设提供源代码的好处]]></title>
    <link>/demo/dedecms/a/qiyexinwen/20140709_44.html</link>
    <description><![CDATA[首先需要给大家声明的是,深圳市迅美科技有限公司给客户定制设计的网站版权归客户方所有,如果客户方需要源代码的,迅美科技会提供源代码给客户方. 近日,我司遇到很多客户想改版网]]></description>
    <pubDate>2014-07-09</pubDate>
    <category>企业新闻</category>
    <author>admin</author>
    <comments>未知</comments>
</item>
<item>
    <title><![CDATA[选择XHTML制作网页的10个理由]]></title>
    <link>/demo/dedecms/a/qiyexinwen/20140709_43.html</link>
    <description><![CDATA[1.XHTML是当前用来代替HTML 4.0标记语言的标准; 2.XHTML就是为和其他基于XML的标记语言,应用程序以及协议进行良好的交互工作而设计的,这正是HTML缺少的优点; 3.XHTML比HTML有更好的一致性,所以]]></description>
    <pubDate>2014-07-09</pubDate>
    <category>企业新闻</category>
    <author>admin</author>
    <comments>未知</comments>
</item>
<item>
    <title><![CDATA[网页代码的标准就是统一各个浏览器的兼容]]></title>
    <link>/demo/dedecms/a/qiyexinwen/20140709_42.html</link>
    <description><![CDATA[WEB标准组织(Wasp)成立于1998年,起初的目的是说服Netscape,Microsoft和其他浏览器开发商彻底支持网页编码统一标准,经过 长期的坚持不懈努力以及有效的策略,最终使得浏览器开发商同意WEB标]]></description>
    <pubDate>2014-07-09</pubDate>
    <category>企业新闻</category>
    <author>admin</author>
    <comments>未知</comments>
</item>
<item>
    <title><![CDATA[迅美科技专注于建设符合WEB标准的网站]]></title>
    <link>/demo/dedecms/a/qiyexinwen/20140709_41.html</link>
    <description><![CDATA[为了使网站避免被淘汰的困境并适应新的需要,设计师和开发者必须学习和使用Web标准,网站所有者和管理者必须清楚Web标准为什么对他们的业务有帮助. Web标准本身并不会宣传自己,普通]]></description>
    <pubDate>2014-07-09</pubDate>
    <category>企业新闻</category>
    <author>admin</author>
    <comments>未知</comments>
</item>
<item>
    <title><![CDATA[深圳ASP.NET语言网站建设]]></title>
    <link>/demo/dedecms/a/qiyexinwen/20140709_40.html</link>
    <description><![CDATA[ASP.NET是伴随着软件的.net平台而产生的一种先进的WEB开发技术,它将模块式开发的思想应用到WEB开发的领域,提供了许多WEB服务器控 件,通过对这些控件的操作,能够直接生成HTML代码,从而将]]></description>
    <pubDate>2014-07-09</pubDate>
    <category>企业新闻</category>
    <author>admin</author>
    <comments>未知</comments>
</item>
<item>
    <title><![CDATA[深圳PHP语言网站建设]]></title>
    <link>/demo/dedecms/a/qiyexinwen/20140709_39.html</link>
    <description><![CDATA[PHP语言和JSP类似,也是将代码标记嵌入到HTML页面中,当服务器端对页面进行处理时,它能够解析并执行这些代码,然后将输出的内容嵌入到HTML页面中,从而达到生成动态页面的目的. PHP能够普]]></description>
    <pubDate>2014-07-09</pubDate>
    <category>企业新闻</category>
    <author>admin</author>
    <comments>未知</comments>
</item>
<item>
    <title><![CDATA[迅美对于开网店的一些经验分享]]></title>
    <link>/demo/dedecms/a/qiyexinwen/20140708_29.html</link>
    <description><![CDATA[由于B2C市场的兴趣,现在开网店的人越来越多,那么在关于店铺运营的时候便会产生很多各式各样的问题,通过迅美网络公司多年的运营经验,可以同大家分享一下,在日常打理网店会遇到的一]]></description>
    <pubDate>2014-07-08</pubDate>
    <category>企业新闻</category>
    <author>admin</author>
    <comments>未知</comments>
</item>
<item>
    <title><![CDATA[如何预编译WEB站点]]></title>
    <link>/demo/dedecms/a/qiyexinwen/20140708_3.html</link>
    <description><![CDATA[除了把所有的文件复制到目标WEB站点之外,还可以预编译WEB站点,通过预编译,会在文件复制到目标WEB站点之前创建程序集,这样,源文件就不必复制到目标WEB站点上了, 下面的救命将使用VS发]]></description>
    <pubDate>2014-07-08</pubDate>
    <category>企业新闻</category>
    <author>admin</author>
    <comments>未知</comments>
</item>
<item>
    <title><![CDATA[2014年迅美端午节工作安排]]></title>
    <link>/demo/dedecms/a/qiyexinwen/20140708_2.html</link>
    <description><![CDATA[一年一度中华传统佳节端午节即将来临,迅美科技对2014年端午节作出工作安排,端午节期间我司放假三天即5月31日,6月1日,6月2日三天放假. 在此放假的时间里如果有客户需要网站调整的,我]]></description>
    <pubDate>2014-07-08</pubDate>
    <category>企业新闻</category>
    <author>admin</author>
    <comments>未知</comments>
</item>
<item>
    <title><![CDATA[做网站看重的是质量与服务]]></title>
    <link>/demo/dedecms/a/qiyexinwen/20140708_1.html</link>
    <description><![CDATA[在高速发展的今天,深圳创造了很好的创业条件,特别对于虚拟的服务产品来说,像400电话和网络公司这块.一张桌子,一台电脑就可以开起一个公司. 这种情况在深圳的各行各业里都非常多]]></description>
    <pubDate>2014-07-08</pubDate>
    <category>企业新闻</category>
    <author>admin</author>
    <comments>未知</comments>
</item>

</channel>
</rss>
